id,firstname,lname,email
100,Lily,Wittie,Lily.Wittie@yopmail.com
101,Danika,Gherardo,Danika.Gherardo@yopmail.com
102,Bernardine,Timon,Bernardine.Timon@yopmail.com
103,Vere,Lipson,Vere.Lipson@yopmail.com
104,Tani,Maxi,Tani.Maxi@yopmail.com
105,huh,Chesna,Oralee.Chesna@yopmail.com
106,Sindee,Arquit,Sindee.Arquit@yopmail.com
107,Binny,binny,Binny.Joni@yopmail.com
108,Heddie,Viddah,Heddie.Viddah@yopmail.com
109,hjii,Shama,Tobe.Shama@yopmail.com
110,Therine,Turne,Therine.Turne@yopmail.com
